accuracy,balanced_accuracy,precision,recall,f1,roc_auc,average_precision
0.9046356953543031,0.8982645499583667,0.4680061823802164,0.8905882352941177,0.6135764944275582,0.9736646316175265,0.8655824903111266
