accuracy,balanced_accuracy,precision,recall,f1,roc_auc,average_precision
0.9335900385057758,0.8842062504621458,0.5764802631578947,0.8247058823529412,0.6786060019361084,0.9720074168378615,0.8620750629174032
