accuracy,balanced_accuracy,precision,recall,f1,roc_auc,average_precision
0.8840826123918588,0.9027738555661649,0.41790648246546225,0.9252941176470588,0.5757686676427526,0.9742135161984125,0.8643841408538849
