accuracy,balanced_accuracy,precision,recall,f1,roc_auc,average_precision
0.9042812898524322,0.904282929335088,0.8708965701678144,0.9492785308264101,0.9083998744726106,0.9759059230117014,0.9766679741028511
