accuracy,balanced_accuracy,precision,recall,f1,roc_auc,average_precision
0.8820323048457268,0.905655314757482,0.41408083441981747,0.9341176470588235,0.573803071364047,0.9756321672791103,0.8724271432555936
