,precision,recall,f1-score,support
0,0.9272365196078431,0.8821686220214239,0.9041413047537249,13723.0
1,0.8876224894016262,0.9307681096050139,0.9086834335313578,13722.0
accuracy,0.9064674804153762,0.9064674804153762,0.9064674804153762,0.9064674804153762
macro avg,0.9074295045047347,0.9064683658132189,0.9064123691425414,27445.0
weighted avg,0.9074302262032263,0.9064674804153762,0.9064122863928824,27445.0
