,precision,recall,f1-score,support
0,0.9442664958360025,0.8592873278437659,0.8997749036663996,13723.0
1,0.8708965701678144,0.9492785308264101,0.9083998744726106,13722.0
accuracy,0.9042812898524322,0.9042812898524322,0.9042812898524322,0.9042812898524322
macro avg,0.9075815330019085,0.904282929335088,0.9040873890695051,27445.0
weighted avg,0.907582869673901,0.9042812898524322,0.9040872319375901,27445.0
