accuracy,balanced_accuracy,precision,recall,f1,roc_auc,average_precision
0.9064674804153762,0.9064683658132189,0.8876224894016262,0.9307681096050139,0.9086834335313578,0.9768785262296613,0.9776025537495902
