,precision,recall,f1-score,support
0,0.9464770730148586,0.8633680682066603,0.9030143668305324,13723.0
1,0.874388691632612,0.9511732983530098,0.9111661838109533,13722.0
accuracy,0.907269083621789,0.907269083621789,0.907269083621789,0.907269083621789
macro avg,0.9104328823237353,0.9072706832798351,0.9070902753207428,27445.0
weighted avg,0.9104341956482276,0.907269083621789,0.9070901268088649,27445.0
