,precision,recall,f1-score,support
0,0.9892688250272826,0.8917855386128873,0.9380012072087609,18297.0
1,0.43477019697402225,0.8958823529411765,0.5854314818374015,1700.0
accuracy,0.8921338200730109,0.8921338200730109,0.8921338200730109,0.8921338200730109
macro avg,0.7120195110006524,0.8938339457770319,0.7617163445230812,19997.0
weighted avg,0.9421293707246102,0.8921338200730109,0.9080282846138061,19997.0
