accuracy,balanced_accuracy,precision,recall,f1,roc_auc,average_precision
0.907269083621789,0.9072706832798351,0.874388691632612,0.9511732983530098,0.9111661838109533,0.9772878790287813,0.9774772303876609
