accuracy,balanced_accuracy,precision,recall,f1,roc_auc,average_precision
0.8921338200730109,0.8938339457770319,0.43477019697402225,0.8958823529411765,0.5854314818374015,0.970847904992461,0.8603712752854212
