accuracy,balanced_accuracy,precision,recall,f1,roc_auc,average_precision
0.9075605756968482,0.9075611318465762,0.895481224807298,0.9228246611281155,0.9089473495316369,0.9774957603011329,0.9781306463416215
