,precision,recall,f1-score,support
0,0.9928353373621581,0.8709624528611247,0.9279142890415745,18297.0
1,0.40167257982767357,0.9323529411764706,0.5614594403117251,1700.0
accuracy,0.8761814272140821,0.8761814272140821,0.8761814272140821,0.8761814272140821
macro avg,0.6972539585949158,0.9016576970187977,0.7446868646766498,19997.0
weighted avg,0.9425789645157999,0.8761814272140821,0.8967609538992659,19997.0
