,precision,recall,f1-score,support
0,0.9248497756142086,0.886030751293449,0.9050241905470785,13723.0
1,0.8906140718981675,0.9279988339892145,0.9089221984296931,13722.0
accuracy,0.9070140280561122,0.9070140280561122,0.9070140280561122,0.9070140280561122
macro avg,0.907731923756188,0.9070147926413317,0.9069731944883859,27445.0
weighted avg,0.9077325474709579,0.9070140280561122,0.9069731234734856,27445.0
