accuracy,balanced_accuracy,precision,recall,f1,roc_auc,average_precision
0.8761814272140821,0.9016576970187977,0.40167257982767357,0.9323529411764706,0.5614594403117251,0.9743556642201068,0.8671419438942951
