accuracy,balanced_accuracy,precision,recall,f1,roc_auc,average_precision
0.9070140280561122,0.9070147926413317,0.8906140718981675,0.9279988339892145,0.9089221984296931,0.9769564946510805,0.977668944892127
