accuracy,balanced_accuracy,precision,recall,f1,roc_auc,average_precision
0.9057751867371105,0.9057762752597744,0.8828909365974419,0.9356507797697129,0.9085055193886216,0.9757880808746968,0.9764978960056945
